Close,Adj Close,Volume,Tstamp,Tstamp_relative,Tstep,Is_VCD
556.930969,556.930969,13136,1395874800,0,0,0
558.456787,558.456787,41213,1395961200,86400,1,0
555.445007,555.445007,10830,1396216800,342000,3,0
565.607117,565.607117,7922,1396303200,428400,4,0
565.447571,565.447571,147103,1396389600,514800,5,0
568.180054,568.180054,5099161,1396476000,601200,6,0
541.652893,541.652893,6369339,1396562400,687600,7,0
536.676575,536.676575,4401652,1396821600,946800,10,0
553.380676,553.380676,3151228,1396908000,1033200,11,0
562.595398,562.595398,3330820,1396994400,1119600,12,0
539.468872,539.468872,4036853,1397080800,1206000,13,0
529.147217,529.147217,3924846,1397167200,1292400,14,0
531.061951,531.061951,2575050,1397426400,1551600,17,0
534.971252,534.971252,3855055,1397512800,1638000,18,0
555.016174,555.016174,4893298,1397599200,1724400,19,0
534.632141,534.632141,6809544,1397685600,1810800,20,0
527.172668,527.172668,2566728,1398031200,2156400,24,0
533.345703,533.345703,2365376,1398117600,2242800,25,0
525.497253,525.497253,2052319,1398204000,2329200,26,0
523.722107,523.722107,1883156,1398290400,2415600,27,0
514.766724,514.766724,2100351,1398376800,2502000,28,0
515.73407,515.73407,3335533,1398636000,2761200,31,0
526.255188,526.255188,2699090,1398722400,2847600,32,0
525.218018,525.218018,1751195,1398808800,2934000,33,0
529.895203,529.895203,1905517,1398895200,3020400,34,0
526.484558,526.484558,1688523,1398981600,3106800,35,0
526.364868,526.364868,1024104,1399240800,3366000,38,0
513.729553,513.729553,1689025,1399327200,3452400,39,0
508.563751,508.563751,3224328,1399413600,3538800,40,0
509.600891,509.600891,2021334,1399500000,3625200,41,0
517.309753,517.309753,2439479,1399586400,3711600,42,0
528.469116,528.469116,1912536,1399845600,3970800,45,0
531.630432,531.630432,1653427,1399932000,4057200,46,0
525.208069,525.208069,1191763,1400018400,4143600,47,0
518.556274,518.556274,1704367,1400104800,4230000,48,0
519.204529,519.204529,1485267,1400191200,4316400,49,0
527.411987,527.411987,1277799,1400450400,4575600,52,0
528.319519,528.319519,1784787,1400536800,4662000,53,0
537.464417,537.464417,1196275,1400623200,4748400,54,0
543.567627,543.567627,1615824,1400709600,4834800,55,0
551.186707,551.186707,1932190,1400796000,4921200,56,0
564.400452,564.400452,2104161,1401141600,5266800,60,0
560.142151,560.142151,1652023,1401228000,5353200,61,0
558.546509,558.546509,1354108,1401314400,5439600,62,0
558.357056,558.357056,1771149,1401400800,5526000,63,0
552.41333,552.41333,1435029,1401660000,5785200,66,0
543.447937,543.447937,1866611,1401746400,5871600,67,0
543.168701,543.168701,1816473,1401832800,5958000,68,0
552.383423,552.383423,1689125,1401919200,6044400,69,0
554.806763,554.806763,1736755,1402005600,6130800,70,0
560.580933,560.580933,1467518,1402264800,6390000,73,0
559.015198,559.015198,1351701,1402351200,6476400,74,0
557.309875,557.309875,1100112,1402437600,6562800,75,0
549.840393,549.840393,1458493,1402524000,6649200,76,0
550.249268,550.249268,1220542,1402610400,6735600,77,0
542.789795,542.789795,1702562,1402869600,6994800,80,0
541.523254,541.523254,1444555,1402956000,7081200,81,0
551.854858,551.854858,1741769,1403042400,7167600,82,0
553.380676,553.380676,2456827,1403128800,7254000,83,0
554.83667,554.83667,4508344,1403215200,7340400,84,0
563.403198,563.403198,1536808,1403474400,7599600,87,0
563.074097,563.074097,2207143,1403560800,7686000,88,0
577.065674,577.065674,1969392,1403647200,7772400,89,0
574.422913,574.422913,1741969,1403733600,7858800,90,0
575.659546,575.659546,2236925,1403820000,7945200,91,0
573.704895,573.704895,1313797,1404079200,8204400,94,0
581.074646,581.074646,1447965,1404165600,8290800,95,0
580.740601,580.740601,1056392,1404252000,8377200,96,0
583.129028,583.129028,714155,1404338400,8463600,97,0
580.655823,580.655823,1064615,1404684000,8809200,101,0
569.526367,569.526367,1909528,1404770400,8895600,102,0
574.502686,574.502686,1116758,1404856800,8982000,103,0
569.536316,569.536316,1356715,1404943200,9068400,104,0
577.594238,577.594238,1621740,1405029600,9154800,105,0
583.268616,583.268616,1854076,1405288800,9414000,108,0
583.178894,583.178894,1623044,1405375200,9500400,109,0
581.064697,581.064697,1397125,1405461600,9586800,110,0
572.159119,572.159119,3016559,1405548000,9673200,111,0
593.450684,593.450684,4014191,1405634400,9759600,112,0
587.856018,587.856018,2062146,1405893600,10018800,115,0
593.111633,593.111633,1699152,1405980000,10105200,116,1
594.348206,594.348206,1233176,1406066400,10191600,117,0
591.725403,591.725403,1035134,1406152800,10278000,118,0
587.407288,587.407288,932453,1406239200,10364400,119,0
588.982971,588.982971,986802,1406498400,10623600,122,0
584.006592,584.006592,1349896,1406584800,10710000,123,0
585.811646,585.811646,1016483,1406671200,10796400,124,0
570.034973,570.034973,2102757,1406757600,10882800,125,0
564.520081,564.520081,1955253,1406844000,10969200,126,0
571.58075,571.58075,1427308,1407103200,11228400,129,0
563.522827,563.522827,1551247,1407189600,11314800,130,0
564.823303,564.823303,1334353,1407276000,11401200,131,0
561.817505,561.817505,1110942,1407362400,11487600,132,0
567.212708,567.212708,1494793,1407448800,11574000,133,0
566.325134,566.325134,1214726,1407708000,11833200,136,0
561.18927,561.18927,1542022,1407794400,11919600,137,0
573.206238,573.206238,1439241,1407880800,12006000,138,0
573.076599,573.076599,985498,1407967200,12092400,139,0
571.909851,571.909851,1519159,1408053600,12178800,140,0
580.56604,580.56604,1284116,1408312800,12438000,143,0
585.253174,585.253174,978680,1408399200,12524400,144,0
582.889648,582.889648,1036739,1408485600,12610800,145,0
581.772766,581.772766,914805,1408572000,12697200,146,0
580.964966,580.964966,789060,1408658400,12783600,147,0
578.61145,578.61145,1361428,1408917600,13042800,150,0
576.277832,576.277832,1639689,1409004000,13129200,151,0
569.436584,569.436584,1703364,1409090400,13215600,152,0
567.641541,567.641541,1292940,1409176800,13302000,153,0
570.034973,570.034973,1083767,1409263200,13388400,154,0
575.749268,575.749268,1578422,1409608800,13734000,158,0
576.357605,576.357605,1215127,1409695200,13820400,159,0
580.386536,580.386536,1458193,1409781600,13906800,160,0
584.475342,584.475342,1632369,1409868000,13993200,161,0
588.105347,588.105347,1431018,1410127200,14252400,164,0
579.419189,579.419189,1287224,1410213600,14338800,165,0
581.503479,581.503479,977376,1410300000,14425200,166,0
579.758301,579.758301,1221043,1410386400,14511600,167,0
574.043945,574.043945,1601685,1410472800,14598000,168,0
571.530884,571.530884,1597574,1410732000,14857200,171,0
578.362122,578.362122,1480353,1410818400,14943600,172,0
583.168884,583.168884,1692835,1410904800,15030000,173,0
587.656616,587.656616,1444555,1410991200,15116400,174,0
594.447937,594.447937,3736631,1411077600,15202800,175,0
585.76178,585.76178,1689526,1411336800,15462000,178,0
579.538879,579.538879,1471429,1411423200,15548400,179,0
586.380066,586.380066,1728132,1411509600,15634800,180,0
573.485474,573.485474,1925973,1411596000,15721200,181,0
575.519897,575.519897,1443653,1411682400,15807600,182,0
574.781921,574.781921,1282411,1411941600,16066800,185,0
575.779175,575.779175,1621740,1412028000,16153200,186,0
566.714111,566.714111,1445458,1412114400,16239600,187,0
568.519104,568.519104,1178427,1412200800,16326000,188,0
573.704895,573.704895,1141726,1412287200,16412400,189,0
575.769226,575.769226,1214626,1412546400,16671600,192,0
562.196472,562.196472,1911333,1412632800,16758000,193,0
570.932495,570.932495,1990851,1412719200,16844400,194,0
559.344299,559.344299,2524813,1412805600,16930800,195,0
542.999207,542.999207,3081938,1412892000,17017200,196,0
531.750061,531.750061,2581669,1413151200,17276400,199,0
536.467102,536.467102,2222585,1413237600,17362800,200,0
528.578796,528.578796,3719384,1413324000,17449200,201,0
523.073914,523.073914,3708554,1413410400,17535600,202,0
509.770416,509.770416,5539367,1413496800,17622000,203,0
519.41394,519.41394,2607539,1413756000,17881200,206,0
525.098328,525.098328,2336297,1413842400,17967600,207,0
531.251465,531.251465,2919293,1413928800,18054000,208,0
542.490601,542.490601,2348831,1414015200,18140400,209,0
538.302063,538.302063,1973102,1414101600,18226800,210,0
539.289368,539.289368,1185345,1414364400,18489600,214,0
547.397095,547.397095,1270980,1414450800,18576000,215,0
547.825928,547.825928,1770548,1414537200,18662400,216,0
548.803284,548.803284,1455686,1414623600,18748800,217,0
557.549255,557.549255,2035072,1414710000,18835200,218,0
553.699829,553.699829,1382285,1414969200,19094400,221,0
552.592834,552.592834,1244207,1415055600,19180800,222,0
544.425293,544.425293,2032264,1415142000,19267200,223,0
540.555908,540.555908,1333250,1415228400,19353600,224,0
539.528748,539.528748,1633773,1415314800,19440000,225,0
545.990967,545.990967,1134607,1415574000,19699200,228,0
548.783325,548.783325,965544,1415660400,19785600,229,0
545.811462,545.811462,1129693,1415746800,19872000,230,0
543.88678,543.88678,1339367,1415833200,19958400,231,0
542.909424,542.909424,1289531,1415919600,20044800,232,1
535.041016,535.041016,1726026,1416178800,20304000,235,0
533.565125,533.565125,1962674,1416265200,20390400,236,0
535.519714,535.519714,1392212,1416351600,20476800,237,0
533.365662,533.365662,1563381,1416438000,20563200,238,0
536.02832,536.02832,2224290,1416524400,20649600,239,0
537.793518,537.793518,1706372,1416783600,20908800,242,0
539.598511,539.598511,1789901,1416870000,20995200,243,0
538.890503,538.890503,1522970,1416956400,21081600,244,0
540.346497,540.346497,1148344,1417129200,21254400,246,0
532.33844,532.33844,2115392,1417388400,21513600,249,0
532.288574,532.288574,1526680,1417474800,21600000,250,0
529.865234,529.865234,1277999,1417561200,21686400,251,0
535.838867,535.838867,1392112,1417647600,21772800,252,0
523.821838,523.821838,2565625,1417734000,21859200,253,0
525.537109,525.537109,2329378,1417993200,22118400,256,0
531.909668,531.909668,1871324,1418079600,22204800,257,0
524.619629,524.619629,1712288,1418166000,22291200,258,0
526.893433,526.893433,1610810,1418252400,22377600,259,0
517.239929,517.239929,1994561,1418338800,22464000,260,0
512.39325,512.39325,2813403,1418598000,22723200,263,0
494.03363,494.03363,3964254,1418684400,22809600,264,0
503.507629,503.507629,2883194,1418770800,22896000,265,0
509.700623,509.700623,2926713,1418857200,22982400,266,0
514.936218,514.936218,3690204,1418943600,23068800,267,0
523.432922,523.432922,2723758,1419202800,23328000,270,0
529.137268,529.137268,2197617,1419289200,23414400,271,0
527.322266,527.322266,705933,1419375600,23500800,272,0
532.56781,532.56781,1040549,1419548400,23673600,274,0
528.877991,528.877991,2278539,1419807600,23932800,277,0
528.967712,528.967712,876299,1419894000,24019200,278,0
524.95874,524.95874,1368246,1419980400,24105600,279,0
523.373108,523.373108,1447563,1420153200,24278400,281,0
512.463013,512.463013,2059840,1420412400,24537600,284,0
500.585632,500.585632,2899940,1420498800,24624000,285,0
499.727997,499.727997,2065054,1420585200,24710400,286,0
501.30368,501.30368,3353582,1420671600,24796800,287,0
494.811493,494.811493,2071371,1420758000,24883200,288,0
491.201416,491.201416,2326771,1421017200,25142400,291,0
494.821472,494.821472,2370490,1421103600,25228800,292,0
499.498627,499.498627,2235721,1421190000,25315200,293,0
500.416107,500.416107,2715836,1421276400,25401600,294,0
506.688873,506.688873,2298293,1421362800,25488000,295,0
505.512115,505.512115,2232011,1421708400,25833600,299,0
516.621643,516.621643,2268712,1421794800,25920000,300,0
532.926819,532.926819,2676929,1421881200,26006400,301,0
538.471619,538.471619,2281747,1421967600,26092800,302,0
533.744629,533.744629,1543727,1422226800,26352000,305,0
517.210022,517.210022,1904013,1422313200,26438400,306,0
508.603638,508.603638,1683810,1422399600,26524800,307,0
509.26181,509.26181,4186362,1422486000,26611200,308,0
533.056519,533.056519,5606350,1422572400,26697600,309,0
527.03302,527.03302,2849803,1422831600,26956800,312,0
527.790955,527.790955,2038682,1422918000,27043200,313,0
521.328674,521.328674,1663655,1423004400,27129600,314,0
526.135498,526.135498,1849765,1423090800,27216000,315,0
529.546143,529.546143,1763529,1423177200,27302400,316,0
526.384827,526.384827,1267771,1423436400,27561600,319,0
535.469849,535.469849,1749891,1423522800,27648000,320,0
534.502502,534.502502,1377772,1423609200,27734400,321,0
541.443481,541.443481,1620236,1423695600,27820800,322,0
547.506836,547.506836,1900303,1423782000,27907200,323,0
541.353699,541.353699,1616827,1424127600,28252800,327,0
538.22229,538.22229,1453079,1424214000,28339200,328,0
541.383606,541.383606,989108,1424300400,28425600,329,0
537.474365,537.474365,1444355,1424386800,28512000,330,0
530.453613,530.453613,1457892,1424646000,28771200,333,0
534.622192,534.622192,1005052,1424732400,28857600,334,0
542.38092,542.38092,1826000,1424818800,28944000,335,0
553.959106,553.959106,2311529,1424905200,29030400,336,0
556.871094,556.871094,2410199,1424991600,29116800,337,0
569.775696,569.775696,2129631,1425250800,29376000,340,0
572.069397,572.069397,1704768,1425337200,29462400,341,0
571.80011,571.80011,1876839,1425423600,29548800,342,0
573.754761,573.754761,1389605,1425510000,29635200,343,0
566.130676,566.130676,1659143,1425596400,29721600,344,0
567.29248,567.29248,1062108,1425855600,29980800,347,0
553.490417,553.490417,1792307,1425942000,30067200,348,0
549.670898,549.670898,1820785,1426028400,30153600,349,0
553.989014,553.989014,1389605,1426114800,30240000,350,0
545.821472,545.821472,1703564,1426201200,30326400,351,0
552.99176,552.99176,1640993,1426460400,30585600,354,0
549.331787,549.331787,1805544,1426546800,30672000,355,0
557.968079,557.968079,2134544,1426633200,30758400,356,0
556.462219,556.462219,1197278,1426719600,30844800,357,0
558.825745,558.825745,2616865,1426806000,30931200,358,0
557.279968,557.279968,1643801,1427065200,31190400,361,0
568.628845,568.628845,2583273,1427151600,31276800,362,0
557.255066,557.255066,2152293,1427238000,31363200,363,0
553.649963,553.649963,1572606,1427324400,31449600,364,0
546.838684,546.838684,1897495,1427410800,31536000,365,0
550.518555,550.518555,1287525,1427666400,31791600,367,0
546.499573,546.499573,1588048,1427752800,31878000,368,0
541.074463,541.074463,1963075,1427839200,31964400,369,0
534.063721,534.063721,1716399,1427925600,32050800,370,0
535.295349,535.295349,1324426,1428271200,32396400,374,0
535.549622,535.549622,1302867,1428357600,32482800,375,0
540.127075,540.127075,1178527,1428444000,32569200,376,0
539.299377,539.299377,1557865,1428530400,32655600,377,0
538.531433,538.531433,1409459,1428616800,32742000,378,0
537.693787,537.693787,1645305,1428876000,33001200,381,0
528.937805,528.937805,2604130,1428962400,33087600,382,0
531.07196,531.07196,2318849,1429048800,33174000,383,0
532.33844,532.33844,1299859,1429135200,33260400,384,0
522.615173,522.615173,2151892,1429221600,33346800,385,0
533.914124,533.914124,1679298,1429480800,33606000,388,0
532.507996,532.507996,1844751,1429567200,33692400,389,0
537.888245,537.888245,1593563,1429653600,33778800,390,0
545.502319,545.502319,4184858,1429740000,33865200,391,0
563.512878,563.512878,4932505,1429826400,33951600,392,0
555.369995,555.369995,2398000,1430085600,34210800,395,0
553.679993,553.679993,1491000,1430172000,34297200,396,0
549.080017,549.080017,1698800,1430258400,34383600,397,0
537.340027,537.340027,2082200,1430344800,34470000,398,0
537.900024,537.900024,1768200,1430431200,34556400,399,0
540.780029,540.780029,1308000,1430690400,34815600,402,0
530.799988,530.799988,1383100,1430776800,34902000,403,0
524.219971,524.219971,1567000,1430863200,34988400,404,0
530.700012,530.700012,1546300,1430949600,35074800,405,0
538.219971,538.219971,1527600,1431036000,35161200,406,0
535.700012,535.700012,905300,1431295200,35420400,409,0
529.039978,529.039978,1634200,1431381600,35506800,410,0
529.619995,529.619995,1252300,1431468000,35593200,411,0
538.400024,538.400024,1403900,1431554400,35679600,412,0
533.849976,533.849976,1971300,1431640800,35766000,413,0
532.299988,532.299988,2003400,1431900000,36025200,416,0
537.359985,537.359985,1966900,1431986400,36111600,417,0
539.27002,539.27002,1430800,1432072800,36198000,418,0
542.51001,542.51001,1462700,1432159200,36284400,419,0
540.109985,540.109985,1176200,1432245600,36370800,420,0
532.320007,532.320007,2406500,1432591200,36716400,424,0
539.789978,539.789978,1525000,1432677600,36802800,425,0
539.780029,539.780029,1029800,1432764000,36889200,426,0
532.109985,532.109985,2597400,1432850400,36975600,427,0
533.98999,533.98999,1904300,1433109600,37234800,430,0
539.179993,539.179993,1939000,1433196000,37321200,431,0
540.309998,540.309998,1717000,1433282400,37407600,432,0
536.700012,536.700012,1348300,1433368800,37494000,433,0
533.330017,533.330017,1388200,1433455200,37580400,434,0
526.830017,526.830017,1520600,1433714400,37839600,437,0
526.690002,526.690002,1455300,1433800800,37926000,438,0
536.690002,536.690002,1815000,1433887200,38012400,439,0
534.609985,534.609985,1217500,1433973600,38098800,440,0
532.330017,532.330017,955800,1434060000,38185200,441,0
527.200012,527.200012,1632700,1434319200,38444400,444,0
528.150024,528.150024,1071800,1434405600,38530800,445,0
529.26001,529.26001,1294200,1434492000,38617200,446,0
536.72998,536.72998,1833100,1434578400,38703600,447,0
536.690002,536.690002,1893500,1434664800,38790000,448,0
538.190002,538.190002,1250300,1434924000,39049200,451,0
540.47998,540.47998,1197500,1435010400,39135600,452,0
537.840027,537.840027,1286600,1435096800,39222000,453,0
535.22998,535.22998,1335700,1435183200,39308400,454,0
531.690002,531.690002,2109100,1435269600,39394800,455,0
521.52002,521.52002,1937800,1435528800,39654000,458,0
520.51001,520.51001,2217200,1435615200,39740400,459,0
521.840027,521.840027,1961000,1435701600,39826800,460,0
523.400024,523.400024,1235900,1435788000,39913200,461,0
522.859985,522.859985,1280500,1436133600,40258800,465,0
525.02002,525.02002,1597200,1436220000,40345200,466,0
516.830017,516.830017,1296700,1436306400,40431600,467,0
520.679993,520.679993,1842300,1436392800,40518000,468,0
530.130005,530.130005,1956700,1436479200,40604400,469,0
546.549988,546.549988,2206500,1436738400,40863600,472,0
561.099976,561.099976,3244100,1436824800,40950000,473,0
560.219971,560.219971,1784600,1436911200,41036400,474,0
579.849976,579.849976,4768300,1436997600,41122800,475,0
672.929993,672.929993,11164900,1437084000,41209200,476,0
663.02002,663.02002,5860900,1437343200,41468400,479,0
662.299988,662.299988,3377200,1437429600,41554800,480,0
662.099976,662.099976,3929300,1437516000,41641200,481,0
644.280029,644.280029,3029100,1437602400,41727600,482,0
623.559998,623.559998,3625700,1437688800,41814000,483,0
627.26001,627.26001,2675400,1437948000,42073200,486,0
628,628,1727300,1438034400,42159600,487,0
631.929993,631.929993,1575100,1438120800,42246000,488,0
632.590027,632.590027,1474200,1438207200,42332400,489,0
625.609985,625.609985,1706100,1438293600,42418800,490,0
631.210022,631.210022,1304500,1438552800,42678000,493,0
629.25,629.25,1490900,1438639200,42764400,494,0
643.780029,643.780029,2334300,1438725600,42850800,495,0
642.679993,642.679993,1572600,1438812000,42937200,496,0
635.299988,635.299988,1403900,1438898400,43023600,497,0
633.72998,633.72998,1809200,1439157600,43282800,500,0
660.780029,660.780029,5029200,1439244000,43369200,501,0
659.559998,659.559998,2936700,1439330400,43455600,502,0
656.450012,656.450012,1810700,1439416800,43542000,503,0
657.119995,657.119995,1072100,1439503200,43628400,504,0
660.869995,660.869995,1051700,1439762400,43887600,507,0
656.130005,656.130005,1456100,1439848800,43974000,508,0
660.900024,660.900024,2134100,1439935200,44060400,509,0
646.830017,646.830017,2855300,1440021600,44146800,510,0
612.47998,612.47998,4265200,1440108000,44233200,511,0
589.609985,589.609985,5770300,1440367200,44492400,514,0
582.059998,582.059998,3538000,1440453600,44578800,515,0
628.619995,628.619995,4235900,1440540000,44665200,516,0
637.609985,637.609985,3491300,1440626400,44751600,517,0
630.380005,630.380005,1978700,1440712800,44838000,518,0
618.25,618.25,2176700,1440972000,45097200,521,0
597.789978,597.789978,3702100,1441058400,45183600,522,0
614.340027,614.340027,2575600,1441144800,45270000,523,0
606.25,606.25,1759600,1441231200,45356400,524,0
600.700012,600.700012,2089000,1441317600,45442800,525,0
614.659973,614.659973,2279500,1441663200,45788400,529,0
612.719971,612.719971,1702100,1441749600,45874800,530,0
621.349976,621.349976,1905300,1441836000,45961200,531,0
625.77002,625.77002,1373500,1441922400,46047600,532,0
623.23999,623.23999,1702300,1442181600,46306800,535,0
635.140015,635.140015,2084400,1442268000,46393200,536,0
635.97998,635.97998,1286500,1442354400,46479600,537,0
642.900024,642.900024,2274700,1442440800,46566000,538,0
629.25,629.25,5133400,1442527200,46652400,539,0
635.440002,635.440002,1788500,1442786400,46911600,542,0
622.690002,622.690002,2562900,1442872800,46998000,543,0
622.359985,622.359985,1470900,1442959200,47084400,544,0
625.799988,625.799988,2240100,1443045600,47170800,545,0
611.969971,611.969971,2174000,1443132000,47257200,546,0
594.890015,594.890015,3127700,1443391200,47516400,549,0
594.969971,594.969971,2309500,1443477600,47602800,550,0
608.419983,608.419983,2413400,1443564000,47689200,551,0
611.289978,611.289978,1867600,1443650400,47775600,552,0
626.909973,626.909973,2684800,1443736800,47862000,553,0
641.469971,641.469971,1803600,1443996000,48121200,556,0
645.440002,645.440002,2166300,1444082400,48207600,557,0
642.359985,642.359985,2092700,1444168800,48294000,558,0
639.159973,639.159973,2182100,1444255200,48380400,559,1
643.609985,643.609985,1648700,1444341600,48466800,560,0
646.669983,646.669983,1275200,1444600800,48726000,563,0
652.299988,652.299988,1807700,1444687200,48812400,564,0
651.159973,651.159973,1415500,1444773600,48898800,565,0
661.73999,661.73999,1885700,1444860000,48985200,566,0
662.200012,662.200012,1611100,1444946400,49071600,567,0
666.099976,666.099976,1477300,1445205600,49330800,570,0
650.280029,650.280029,2498200,1445292000,49417200,571,0
642.609985,642.609985,1791100,1445378400,49503600,572,0
651.789978,651.789978,4071000,1445464800,49590000,573,0
702,702,6653900,1445551200,49676400,574,0
712.780029,712.780029,2716600,1445814000,49939200,578,0
708.48999,708.48999,2245800,1445900400,50025600,579,0
712.950012,712.950012,2178900,1445986800,50112000,580,0
716.919983,716.919983,1456000,1446073200,50198400,581,0
710.809998,710.809998,1908800,1446159600,50284800,582,0
721.109985,721.109985,1886300,1446418800,50544000,585,0
722.159973,722.159973,1565400,1446505200,50630400,586,0
728.109985,728.109985,1706700,1446591600,50716800,587,0
731.25,731.25,1861600,1446678000,50803200,588,0
733.76001,733.76001,1511600,1446764400,50889600,589,0
724.890015,724.890015,2069800,1447023600,51148800,592,0
728.320007,728.320007,1608000,1447110000,51235200,593,0
735.400024,735.400024,1366400,1447196400,51321600,594,0
731.22998,731.22998,1837200,1447282800,51408000,595,0
717,717,2075500,1447369200,51494400,596,1
728.960022,728.960022,1905900,1447628400,51753600,599,0
725.299988,725.299988,1510900,1447714800,51840000,600,0
740,740,1684300,1447801200,51926400,601,0
738.409973,738.409973,1327100,1447887600,52012800,602,0
756.599976,756.599976,2212300,1447974000,52099200,603,0
755.97998,755.97998,1414500,1448233200,52358400,606,0
748.280029,748.280029,2333100,1448319600,52444800,607,0
748.150024,748.150024,1122100,1448406000,52531200,608,0
750.26001,750.26001,838500,1448578800,52704000,610,0
742.599976,742.599976,2097600,1448838000,52963200,613,0
767.039978,767.039978,2134600,1448924400,53049600,614,0
762.380005,762.380005,2230400,1449010800,53136000,615,0
752.539978,752.539978,2590600,1449097200,53222400,616,0
766.809998,766.809998,2757300,1449183600,53308800,617,0
763.25,763.25,1812300,1449442800,53568000,620,0
762.369995,762.369995,1829500,1449529200,53654400,621,0
751.609985,751.609985,2700000,1449615600,53740800,622,0
749.460022,749.460022,1988400,1449702000,53827200,623,0
738.869995,738.869995,2224400,1449788400,53913600,624,0
747.77002,747.77002,2412500,1450047600,54172800,627,0
743.400024,743.400024,2666200,1450134000,54259200,628,0
758.090027,758.090027,1993300,1450220400,54345600,629,0
749.429993,749.429993,1553400,1450306800,54432000,630,0
739.309998,739.309998,3148700,1450393200,54518400,631,0
747.77002,747.77002,1525700,1450652400,54777600,634,0
750,750,1365400,1450738800,54864000,635,0
750.309998,750.309998,1565900,1450825200,54950400,636,0
748.400024,748.400024,527200,1450911600,55036800,637,0
762.51001,762.51001,1515300,1451257200,55382400,641,0
776.599976,776.599976,1765000,1451343600,55468800,642,0
771,771,1293300,1451430000,55555200,643,0
758.880005,758.880005,1500900,1451516400,55641600,644,0
741.840027,741.840027,3272800,1451862000,55987200,648,0
742.580017,742.580017,1950700,1451948400,56073600,649,0
743.619995,743.619995,1947000,1452034800,56160000,650,0
726.390015,726.390015,2963700,1452121200,56246400,651,0
714.469971,714.469971,2450900,1452207600,56332800,652,0
716.030029,716.030029,2090600,1452466800,56592000,655,0
726.070007,726.070007,2024500,1452553200,56678400,656,0
700.559998,700.559998,2501700,1452639600,56764800,657,0
714.719971,714.719971,2225800,1452726000,56851200,658,0
694.450012,694.450012,3608100,1452812400,56937600,659,0
701.789978,701.789978,2268100,1453158000,57283200,663,0
698.450012,698.450012,3445000,1453244400,57369600,664,0
706.590027,706.590027,2412200,1453330800,57456000,665,0
725.25,725.25,2011800,1453417200,57542400,666,0
711.669983,711.669983,1711700,1453676400,57801600,669,0
713.039978,713.039978,1331700,1453762800,57888000,670,0
699.98999,699.98999,2194200,1453849200,57974400,671,0
730.960022,730.960022,2676400,1453935600,58060800,672,0
742.950012,742.950012,3474300,1454022000,58147200,673,0
752,752,5139200,1454281200,58406400,676,0
764.650024,764.650024,6348100,1454367600,58492800,677,0
726.950012,726.950012,6171000,1454454000,58579200,678,0
708.01001,708.01001,5168700,1454540400,58665600,679,0
683.570007,683.570007,5105700,1454626800,58752000,680,0
682.73999,682.73999,4247400,1454886000,59011200,683,0
678.109985,678.109985,3608900,1454972400,59097600,684,0
684.119995,684.119995,2638000,1455058800,59184000,685,0
683.109985,683.109985,3024000,1455145200,59270400,686,0
682.400024,682.400024,2141400,1455231600,59356800,687,0
691,691,2520000,1455577200,59702400,691,0
708.400024,708.400024,2492600,1455663600,59788800,692,0
697.349976,697.349976,1883200,1455750000,59875200,693,0
700.909973,700.909973,1589300,1455836400,59961600,694,0
706.460022,706.460022,1949800,1456095600,60220800,697,0
695.849976,695.849976,2009300,1456182000,60307200,698,0
699.559998,699.559998,1963600,1456268400,60393600,699,0
705.75,705.75,1642200,1456354800,60480000,700,0
705.070007,705.070007,2243500,1456441200,60566400,701,0
697.77002,697.77002,2481100,1456700400,60825600,704,0
718.809998,718.809998,2151400,1456786800,60912000,705,0
718.849976,718.849976,1629000,1456873200,60998400,706,0
712.419983,712.419983,1958000,1456959600,61084800,707,0
710.890015,710.890015,1972100,1457046000,61171200,708,0
695.159973,695.159973,2985100,1457305200,61430400,711,0
693.969971,693.969971,2076300,1457391600,61516800,712,0
705.23999,705.23999,1421500,1457478000,61603200,713,0
712.820007,712.820007,2833500,1457564400,61689600,714,0
726.820007,726.820007,1970800,1457650800,61776000,715,0
730.48999,730.48999,1718300,1457910000,62035200,718,0
728.330017,728.330017,1721000,1457996400,62121600,719,0
736.090027,736.090027,1624400,1458082800,62208000,720,0
737.780029,737.780029,1860800,1458169200,62294400,721,0
737.599976,737.599976,2980700,1458255600,62380800,722,0
742.090027,742.090027,1836500,1458514800,62640000,725,0
740.75,740.75,1269700,1458601200,62726400,726,0
738.059998,738.059998,1432100,1458687600,62812800,727,0
735.299988,735.299988,1594900,1458774000,62899200,728,0
733.530029,733.530029,1301300,1459116000,63241200,731,0
744.77002,744.77002,1903800,1459202400,63327600,732,0
750.530029,750.530029,1782400,1459288800,63414000,733,0
744.950012,744.950012,1718800,1459375200,63500400,734,0
749.909973,749.909973,1576700,1459461600,63586800,735,0
745.289978,745.289978,1134200,1459720800,63846000,738,0
737.799988,737.799988,1132300,1459807200,63932400,739,0
745.690002,745.690002,1053700,1459893600,64018800,740,0
740.280029,740.280029,1453200,1459980000,64105200,741,0
739.150024,739.150024,1290800,1460066400,64191600,742,0
736.099976,736.099976,1220100,1460325600,64450800,745,0
743.090027,743.090027,1353000,1460412000,64537200,746,0
751.719971,751.719971,1707100,1460498400,64623600,747,0
753.200012,753.200012,1135300,1460584800,64710000,748,0
759,759,1809300,1460671200,64796400,749,0
766.609985,766.609985,1558800,1460930400,65055600,752,0
753.929993,753.929993,2030500,1461016800,65142000,753,0
752.669983,752.669983,1529200,1461103200,65228400,754,0
759.140015,759.140015,3060500,1461189600,65314800,755,0
718.77002,718.77002,5951900,1461276000,65401200,756,0
723.150024,723.150024,1959200,1461535200,65660400,759,0
708.140015,708.140015,2744600,1461621600,65746800,760,0
705.840027,705.840027,3098600,1461708000,65833200,761,0
691.02002,691.02002,2867300,1461794400,65919600,762,0
693.01001,693.01001,2487700,1461880800,66006000,763,0
698.210022,698.210022,1645300,1462140000,66265200,766,0
692.359985,692.359985,1543800,1462226400,66351600,767,0
695.700012,695.700012,1693500,1462312800,66438000,768,0
701.429993,701.429993,1683500,1462399200,66524400,769,0
711.119995,711.119995,1829300,1462485600,66610800,770,0
712.900024,712.900024,1510300,1462744800,66870000,773,0
723.179993,723.179993,1569600,1462831200,66956400,774,0
715.289978,715.289978,1692100,1462917600,67042800,775,0
713.309998,713.309998,1360700,1463004000,67129200,776,0
710.830017,710.830017,1314500,1463090400,67215600,777,0
716.48999,716.48999,1317100,1463349600,67474800,780,0
706.22998,706.22998,2001200,1463436000,67561200,781,0
706.630005,706.630005,1766800,1463522400,67647600,782,0
700.320007,700.320007,1670200,1463608800,67734000,783,0
709.73999,709.73999,1828400,1463695200,67820400,784,0
704.23999,704.23999,1330700,1463954400,68079600,787,0
720.090027,720.090027,1929500,1464040800,68166000,788,0
725.27002,725.27002,1629200,1464127200,68252400,789,0
724.119995,724.119995,1576300,1464213600,68338800,790,0
732.659973,732.659973,1975000,1464300000,68425200,791,0
735.719971,735.719971,2129500,1464645600,68770800,795,0
734.150024,734.150024,1253600,1464732000,68857200,796,0
730.400024,730.400024,1341800,1464818400,68943600,797,0
722.340027,722.340027,1226300,1464904800,69030000,798,0
716.549988,716.549988,1565300,1465164000,69289200,801,0
716.650024,716.650024,1336200,1465250400,69375600,802,0
728.280029,728.280029,1583700,1465336800,69462000,803,0
728.580017,728.580017,988900,1465423200,69548400,804,0
719.409973,719.409973,1216400,1465509600,69634800,805,0
718.359985,718.359985,1258900,1465768800,69894000,808,0
718.27002,718.27002,1306100,1465855200,69980400,809,0
718.919983,718.919983,1214500,1465941600,70066800,810,0
710.359985,710.359985,1982500,1466028000,70153200,811,0
691.719971,691.719971,3402400,1466114400,70239600,812,0
693.710022,693.710022,2082500,1466373600,70498800,815,0
695.940002,695.940002,1465600,1466460000,70585200,816,0
697.460022,697.460022,1184300,1466546400,70671600,817,0
701.869995,701.869995,2171400,1466632800,70758000,818,0
675.219971,675.219971,4449000,1466719200,70844400,819,0
668.26001,668.26001,2629000,1466978400,71103600,822,0
680.039978,680.039978,2173800,1467064800,71190000,823,0
684.109985,684.109985,1932600,1467151200,71276400,824,0
692.099976,692.099976,1597700,1467237600,71362800,825,0
699.210022,699.210022,1344700,1467324000,71449200,826,0
694.950012,694.950012,1462600,1467669600,71794800,830,0
697.77002,697.77002,1411900,1467756000,71881200,831,0
695.359985,695.359985,1304200,1467842400,71967600,832,0
705.630005,705.630005,1575200,1467928800,72054000,833,0
715.090027,715.090027,1111800,1468188000,72313200,836,0
720.640015,720.640015,1336900,1468274400,72399600,837,0
716.97998,716.97998,935900,1468360800,72486000,838,0
720.950012,720.950012,950200,1468447200,72572400,839,0
719.849976,719.849976,1279300,1468533600,72658800,840,0
733.780029,733.780029,1295500,1468792800,72918000,843,0
736.960022,736.960022,1227500,1468879200,73004400,844,0
741.190002,741.190002,1289700,1468965600,73090800,845,0
738.630005,738.630005,1026300,1469052000,73177200,846,0
742.73999,742.73999,1259800,1469138400,73263600,847,0
739.77002,739.77002,1032400,1469397600,73522800,850,0
738.419983,738.419983,1186700,1469484000,73609200,851,0
741.77002,741.77002,1512500,1469570400,73695600,852,0
745.909973,745.909973,3530200,1469656800,73782000,853,0
768.789978,768.789978,3841500,1469743200,73868400,854,0
772.880005,772.880005,2700500,1470002400,74127600,857,0
771.070007,771.070007,1784500,1470088800,74214000,858,0
773.179993,773.179993,1287400,1470175200,74300400,859,0
771.609985,771.609985,1140300,1470261600,74386800,860,0
782.219971,782.219971,1801200,1470348000,74473200,861,0
781.76001,781.76001,1107900,1470607200,74732400,864,0
784.26001,784.26001,1318900,1470693600,74818800,865,0
784.679993,784.679993,786400,1470780000,74905200,866,0
784.849976,784.849976,975100,1470866400,74991600,867,0
783.219971,783.219971,740500,1470952800,75078000,868,0
782.440002,782.440002,938200,1471212000,75337200,871,0
777.140015,777.140015,1028000,1471298400,75423600,872,0
779.909973,779.909973,924200,1471384800,75510000,873,0
777.5,777.5,719400,1471471200,75596400,874,1
775.419983,775.419983,861500,1471557600,75682800,875,0
772.150024,772.150024,951400,1471816800,75942000,878,0
772.080017,772.080017,928200,1471903200,76028400,879,0
769.640015,769.640015,1072000,1471989600,76114800,880,0
769.409973,769.409973,926900,1472076000,76201200,881,0
769.539978,769.539978,1166700,1472162400,76287600,882,0
772.150024,772.150024,847600,1472421600,76546800,885,0
769.090027,769.090027,1130000,1472508000,76633200,886,0
767.049988,767.049988,1248600,1472594400,76719600,887,0
768.780029,768.780029,925100,1472680800,76806000,888,0
771.460022,771.460022,1072700,1472767200,76892400,889,0
780.080017,780.080017,1442800,1473112800,77238000,893,0
780.349976,780.349976,893700,1473199200,77324400,894,0
775.320007,775.320007,1270300,1473285600,77410800,895,0
759.659973,759.659973,1885500,1473372000,77497200,896,0
769.02002,769.02002,1311000,1473631200,77756400,899,0
759.690002,759.690002,1395000,1473717600,77842800,900,0
762.48999,762.48999,1087400,1473804000,77929200,901,0
771.76001,771.76001,1305100,1473890400,78015600,902,0
768.880005,768.880005,2049300,1473976800,78102000,903,0
765.700012,765.700012,1172800,1474236000,78361200,906,0
771.409973,771.409973,978600,1474322400,78447600,907,0
776.219971,776.219971,1167800,1474408800,78534000,908,0
787.210022,787.210022,1486200,1474495200,78620400,909,0
786.900024,786.900024,1411900,1474581600,78706800,910,0
774.210022,774.210022,1533200,1474840800,78966000,913,0
783.01001,783.01001,1153200,1474927200,79052400,914,0
781.559998,781.559998,1109800,1475013600,79138800,915,0
775.01001,775.01001,1314700,1475100000,79225200,916,0
777.289978,777.289978,1585300,1475186400,79311600,917,0
772.559998,772.559998,1278800,1475445600,79570800,920,0
776.429993,776.429993,1201400,1475532000,79657200,921,0
776.469971,776.469971,1461200,1475618400,79743600,922,0
776.859985,776.859985,1070700,1475704800,79830000,923,0
775.080017,775.080017,933200,1475791200,79916400,924,0
785.940002,785.940002,1174900,1476050400,80175600,927,0
783.070007,783.070007,1372500,1476136800,80262000,928,0
786.140015,786.140015,937400,1476223200,80348400,929,0
778.190002,778.190002,1365300,1476309600,80434800,930,0
778.530029,778.530029,852500,1476396000,80521200,931,0
779.960022,779.960022,1093000,1476655200,80780400,934,0
795.26001,795.26001,2056900,1476741600,80866800,935,0
801.5,801.5,1766800,1476828000,80953200,936,0
796.969971,796.969971,1757500,1476914400,81039600,937,0
799.369995,799.369995,1266200,1477000800,81126000,938,0
813.109985,813.109985,1697500,1477260000,81385200,941,0
807.669983,807.669983,1576400,1477346400,81471600,942,0
799.070007,799.070007,1647700,1477432800,81558000,943,0
795.349976,795.349976,2749200,1477519200,81644400,944,0
795.369995,795.369995,4269900,1477605600,81730800,945,0
784.539978,784.539978,2427300,1477868400,81993600,949,0
783.609985,783.609985,2406400,1477954800,82080000,950,0
768.700012,768.700012,1872400,1478041200,82166400,951,0
762.130005,762.130005,1943200,1478127600,82252800,952,0
762.02002,762.02002,2134800,1478214000,82339200,953,0
782.52002,782.52002,1585100,1478473200,82598400,956,0
790.51001,790.51001,1366900,1478559600,82684800,957,0
785.309998,785.309998,2607100,1478646000,82771200,958,0
762.559998,762.559998,4745200,1478732400,82857600,959,0
754.02002,754.02002,2431800,1478818800,82944000,960,0
736.080017,736.080017,3654400,1479078000,83203200,963,0
758.48999,758.48999,2384000,1479164400,83289600,964,0
764.47998,764.47998,1472600,1479250800,83376000,965,0
771.22998,771.22998,1304000,1479337200,83462400,966,0
760.539978,760.539978,1547100,1479423600,83548800,967,0
769.200012,769.200012,1330600,1479682800,83808000,970,0
768.27002,768.27002,1593100,1479769200,83894400,971,0
760.98999,760.98999,1478400,1479855600,83980800,972,0
761.679993,761.679993,587400,1480028400,84153600,974,0
768.23999,768.23999,2188200,1480287600,84412800,977,0
770.840027,770.840027,1616600,1480374000,84499200,978,0
758.039978,758.039978,2392900,1480460400,84585600,979,0
747.919983,747.919983,3017900,1480546800,84672000,980,0
750.5,750.5,1452500,1480633200,84758400,981,1
762.52002,762.52002,1394200,1480892400,85017600,984,0
759.109985,759.109985,1690700,1480978800,85104000,985,0
771.190002,771.190002,1761000,1481065200,85190400,986,0
776.419983,776.419983,1488100,1481151600,85276800,987,0
789.289978,789.289978,1821900,1481238000,85363200,988,0
789.27002,789.27002,2104100,1481497200,85622400,991,0
796.099976,796.099976,2145200,1481583600,85708800,992,0
797.070007,797.070007,1704200,1481670000,85795200,993,0
797.849976,797.849976,1626500,1481756400,85881600,994,0
790.799988,790.799988,2443800,1481842800,85968000,995,0
794.200012,794.200012,1232100,1482102000,86227200,998,0
796.419983,796.419983,951000,1482188400,86313600,999,0
794.559998,794.559998,1211300,1482274800,86400000,1000,0
791.26001,791.26001,972200,1482361200,86486400,1001,0
789.909973,789.909973,623400,1482447600,86572800,1002,0
791.549988,791.549988,789100,1482793200,86918400,1006,0
785.049988,785.049988,1153800,1482879600,87004800,1007,0
782.789978,782.789978,744300,1482966000,87091200,1008,0
771.820007,771.820007,1770000,1483052400,87177600,1009,0
786.140015,786.140015,1657300,1483398000,87523200,1013,0
786.900024,786.900024,1073000,1483484400,87609600,1014,0
794.02002,794.02002,1335200,1483570800,87696000,1015,0
806.150024,806.150024,1640200,1483657200,87782400,1016,0
806.650024,806.650024,1274600,1483916400,88041600,1019,0
804.789978,804.789978,1176800,1484002800,88128000,1020,0
807.909973,807.909973,1065900,1484089200,88214400,1021,0
806.359985,806.359985,1353100,1484175600,88300800,1022,0
807.880005,807.880005,1099200,1484262000,88387200,1023,0
804.609985,804.609985,1362100,1484607600,88732800,1027,0
806.070007,806.070007,1294400,1484694000,88819200,1028,0
802.174988,802.174988,919300,1484780400,88905600,1029,0
805.02002,805.02002,1670000,1484866800,88992000,1030,0
819.309998,819.309998,1963600,1485126000,89251200,1033,0
823.869995,823.869995,1474000,1485212400,89337600,1034,0
835.669983,835.669983,1494500,1485298800,89424000,1035,0
832.150024,832.150024,2973900,1485385200,89510400,1036,0
823.309998,823.309998,2965800,1485471600,89596800,1037,0
802.320007,802.320007,3246600,1485730800,89856000,1040,0
796.789978,796.789978,2160600,1485817200,89942400,1041,0
795.695007,795.695007,2029700,1485903600,90028800,1042,0
798.530029,798.530029,1532100,1485990000,90115200,1043,0
801.48999,801.48999,1463400,1486076400,90201600,1044,0
801.340027,801.340027,1184500,1486335600,90460800,1047,0
806.969971,806.969971,1241200,1486422000,90547200,1048,0
808.380005,808.380005,1155300,1486508400,90633600,1049,0
809.559998,809.559998,989700,1486594800,90720000,1050,0
813.669983,813.669983,1135000,1486681200,90806400,1051,0
819.23999,819.23999,1213300,1486940400,91065600,1054,0
820.450012,820.450012,1054700,1487026800,91152000,1055,0
818.97998,818.97998,1313600,1487113200,91238400,1056,0
824.159973,824.159973,1287600,1487199600,91324800,1057,0
828.070007,828.070007,1611000,1487286000,91411200,1058,0
831.659973,831.659973,1262300,1487631600,91756800,1062,0
830.76001,830.76001,982900,1487718000,91843200,1063,0
831.330017,831.330017,1472800,1487804400,91929600,1064,0
828.640015,828.640015,1392200,1487890800,92016000,1065,0
829.280029,829.280029,1101500,1488150000,92275200,1068,0
823.210022,823.210022,2260800,1488236400,92361600,1069,0
835.23999,835.23999,1496500,1488322800,92448000,1070,0
830.630005,830.630005,942500,1488409200,92534400,1071,0
829.080017,829.080017,896400,1488495600,92620800,1072,0
827.780029,827.780029,1109000,1488754800,92880000,1075,0
831.909973,831.909973,1037600,1488841200,92966400,1076,0
835.369995,835.369995,989800,1488927600,93052800,1077,0
838.679993,838.679993,1261500,1489014000,93139200,1078,0
843.25,843.25,1704000,1489100400,93225600,1079,0
845.539978,845.539978,1223600,1489359600,93484800,1082,0
845.619995,845.619995,779900,1489446000,93571200,1083,0
847.200012,847.200012,1381500,1489532400,93657600,1084,0
848.780029,848.780029,977600,1489618800,93744000,1085,0
852.119995,852.119995,1712300,1489705200,93830400,1086,0
848.400024,848.400024,1231500,1489964400,94089600,1089,0
830.460022,830.460022,2463500,1490050800,94176000,1090,0
829.590027,829.590027,1401500,1490137200,94262400,1091,0
817.580017,817.580017,3487100,1490223600,94348800,1092,0
814.429993,814.429993,1981000,1490310000,94435200,1093,0
819.51001,819.51001,1894300,1490565600,94690800,1095,0
820.919983,820.919983,1620500,1490652000,94777200,1096,0
831.409973,831.409973,1786300,1490738400,94863600,1097,0
831.5,831.5,1055300,1490824800,94950000,1098,0
829.559998,829.559998,1401900,1490911200,95036400,1099,0
838.549988,838.549988,1671500,1491170400,95295600,1102,0
834.570007,834.570007,1045400,1491256800,95382000,1103,0
831.409973,831.409973,1555300,1491343200,95468400,1104,0
827.880005,827.880005,1254400,1491429600,95554800,1105,0
824.669983,824.669983,1057300,1491516000,95641200,1106,0
824.72998,824.72998,978900,1491775200,95900400,1109,0
823.349976,823.349976,1079700,1491861600,95986800,1110,0
824.320007,824.320007,900500,1491948000,96073200,1111,0
823.559998,823.559998,1122400,1492034400,96159600,1112,0
837.169983,837.169983,895000,1492380000,96505200,1116,0
836.820007,836.820007,836700,1492466400,96591600,1117,0
838.210022,838.210022,954200,1492552800,96678000,1118,0
841.650024,841.650024,959000,1492639200,96764400,1119,0
843.190002,843.190002,1323600,1492725600,96850800,1120,0
862.76001,862.76001,1372500,1492984800,97110000,1123,1
872.299988,872.299988,1672000,1493071200,97196400,1124,0
871.72998,871.72998,1237200,1493157600,97282800,1125,0
874.25,874.25,2026800,1493244000,97369200,1126,0
905.960022,905.960022,3276300,1493330400,97455600,1127,0
912.570007,912.570007,2116000,1493589600,97714800,1130,0
916.440002,916.440002,1587200,1493676000,97801200,1131,0
927.039978,927.039978,1499500,1493762400,97887600,1132,0
931.659973,931.659973,1422100,1493848800,97974000,1133,0
927.130005,927.130005,1911300,1493935200,98060400,1134,0
934.299988,934.299988,1329800,1494194400,98319600,1137,0
932.169983,932.169983,1581800,1494280800,98406000,1138,0
928.780029,928.780029,1173900,1494367200,98492400,1139,0
930.599976,930.599976,835000,1494453600,98578800,1140,0
932.219971,932.219971,1050600,1494540000,98665200,1141,0
937.080017,937.080017,1108100,1494799200,98924400,1144,0
943,943,969500,1494885600,99010800,1145,0
919.619995,919.619995,2362100,1494972000,99097200,1146,0
930.23999,930.23999,1596900,1495058400,99183600,1147,0
934.01001,934.01001,1393000,1495144800,99270000,1148,0
941.859985,941.859985,1120400,1495404000,99529200,1151,0
948.820007,948.820007,1270800,1495490400,99615600,1152,0
954.960022,954.960022,1024800,1495576800,99702000,1153,0
969.539978,969.539978,1660500,1495663200,99788400,1154,0
971.469971,971.469971,1252000,1495749600,99874800,1155,0
975.880005,975.880005,1466700,1496095200,100220400,1159,0
964.859985,964.859985,2448100,1496181600,100306800,1160,0
966.950012,966.950012,1410500,1496268000,100393200,1161,0
975.599976,975.599976,1751000,1496354400,100479600,1162,0
983.679993,983.679993,1252100,1496613600,100738800,1165,0
976.570007,976.570007,1814600,1496700000,100825200,1166,0
980.940002,980.940002,1453900,1496786400,100911600,1167,0
983.409973,983.409973,1481900,1496872800,100998000,1168,0
949.830017,949.830017,3309400,1496959200,101084400,1169,0
942.900024,942.900024,3763500,1497218400,101343600,1172,0
953.400024,953.400024,2013300,1497304800,101430000,1173,0
950.76001,950.76001,1489700,1497391200,101516400,1174,0
942.309998,942.309998,2133100,1497477600,101602800,1175,0
939.780029,939.780029,3094700,1497564000,101689200,1176,0
957.369995,957.369995,1533300,1497823200,101948400,1179,0
950.630005,950.630005,1126000,1497909600,102034800,1180,0
959.450012,959.450012,1202200,1497996000,102121200,1181,0
957.090027,957.090027,941400,1498082400,102207600,1182,0
965.590027,965.590027,1527900,1498168800,102294000,1183,0
952.27002,952.27002,1598400,1498428000,102553200,1186,0
927.330017,927.330017,2579900,1498514400,102639600,1187,0
940.48999,940.48999,2721400,1498600800,102726000,1188,0
917.789978,917.789978,3299200,1498687200,102812400,1189,0
908.72998,908.72998,2090200,1498773600,102898800,1190,0
898.700012,898.700012,1709800,1499032800,103158000,1193,0
911.710022,911.710022,1813900,1499205600,103330800,1195,0
906.690002,906.690002,1424500,1499292000,103417200,1196,0
918.590027,918.590027,1637800,1499378400,103503600,1197,0
928.799988,928.799988,1192800,1499637600,103762800,1200,0
930.090027,930.090027,1113200,1499724000,103849200,1201,0
943.830017,943.830017,1532100,1499810400,103935600,1202,0
947.159973,947.159973,1294700,1499896800,104022000,1203,0
955.98999,955.98999,1053800,1499983200,104108400,1204,0
953.419983,953.419983,1165500,1500242400,104367600,1207,0
965.400024,965.400024,1154000,1500328800,104454000,1208,0
970.890015,970.890015,1224500,1500415200,104540400,1209,0
968.150024,968.150024,1624500,1500501600,104626800,1210,0
972.919983,972.919983,1711000,1500588000,104713200,1211,0
980.340027,980.340027,3248300,1500847200,104972400,1214,0
950.700012,950.700012,4661000,1500933600,105058800,1215,0
947.799988,947.799988,2088300,1501020000,105145200,1216,0
934.090027,934.090027,3213000,1501106400,105231600,1217,0
941.530029,941.530029,1846400,1501192800,105318000,1218,0
930.5,930.5,1970100,1501452000,105577200,1221,0
930.830017,930.830017,1277700,1501538400,105663600,1222,0
930.390015,930.390015,1824400,1501624800,105750000,1223,0
923.650024,923.650024,1202500,1501711200,105836400,1224,0
927.960022,927.960022,1082300,1501797600,105922800,1225,0
929.359985,929.359985,1032200,1502056800,106182000,1228,0
926.789978,926.789978,1061600,1502143200,106268400,1229,0
922.900024,922.900024,1192100,1502229600,106354800,1230,0
907.23999,907.23999,1824000,1502316000,106441200,1231,0
914.390015,914.390015,1206800,1502402400,106527600,1232,0
922.669983,922.669983,1064500,1502661600,106786800,1235,0
922.219971,922.219971,883400,1502748000,106873200,1236,0
926.960022,926.960022,1006700,1502834400,106959600,1237,0
910.97998,910.97998,1277200,1502920800,107046000,1238,0
910.669983,910.669983,1342700,1503007200,107132400,1239,0
906.659973,906.659973,943400,1503266400,107391600,1242,0
924.690002,924.690002,1166700,1503352800,107478000,1243,0
927,927,1090200,1503439200,107564400,1244,0
921.280029,921.280029,1270300,1503525600,107650800,1245,0
915.890015,915.890015,1053400,1503612000,107737200,1246,0
913.809998,913.809998,1086500,1503871200,107996400,1249,0
921.289978,921.289978,1185600,1503957600,108082800,1250,0
929.570007,929.570007,1301200,1504044000,108169200,1251,0
939.330017,939.330017,1582600,1504130400,108255600,1252,0
937.340027,937.340027,947400,1504216800,108342000,1253,0
928.450012,928.450012,1326400,1504562400,108687600,1257,0
927.809998,927.809998,1527700,1504648800,108774000,1258,0
935.950012,935.950012,1212700,1504735200,108860400,1259,0
926.5,926.5,1011500,1504821600,108946800,1260,0
929.080017,929.080017,1267000,1505080800,109206000,1263,0
932.070007,932.070007,1134400,1505167200,109292400,1264,0
935.090027,935.090027,1102600,1505253600,109378800,1265,0
925.109985,925.109985,1397600,1505340000,109465200,1266,0
920.289978,920.289978,2505400,1505426400,109551600,1267,0
915,915,1306900,1505685600,109810800,1270,0
921.809998,921.809998,936700,1505772000,109897200,1271,0
931.580017,931.580017,1669800,1505858400,109983600,1272,0
932.450012,932.450012,1290600,1505944800,110070000,1273,0
928.530029,928.530029,1052700,1506031200,110156400,1274,0
920.969971,920.969971,1856800,1506290400,110415600,1277,0
924.859985,924.859985,1666900,1506376800,110502000,1278,0
944.48999,944.48999,2239400,1506463200,110588400,1279,0
949.5,949.5,1020300,1506549600,110674800,1280,0
959.109985,959.109985,1581000,1506636000,110761200,1281,0
953.27002,953.27002,1283400,1506895200,111020400,1284,0
957.789978,957.789978,888300,1506981600,111106800,1285,0
951.679993,951.679993,952400,1507068000,111193200,1286,0
969.960022,969.960022,1213800,1507154400,111279600,1287,0
978.890015,978.890015,1173900,1507240800,111366000,1288,0
977,977,891400,1507500000,111625200,1291,0
972.599976,972.599976,968400,1507586400,111711600,1292,0
989.25,989.25,1693300,1507672800,111798000,1293,0
987.830017,987.830017,1262400,1507759200,111884400,1294,0
989.679993,989.679993,1169800,1507845600,111970800,1295,0
992,992,910500,1508104800,112230000,1298,0
992.179993,992.179993,1290200,1508191200,112316400,1299,0
992.809998,992.809998,1057600,1508277600,112402800,1300,0
984.450012,984.450012,1313600,1508364000,112489200,1301,0
988.200012,988.200012,1183200,1508450400,112575600,1302,0
968.450012,968.450012,1478400,1508709600,112834800,1305,0
970.539978,970.539978,1212200,1508796000,112921200,1306,0
973.330017,973.330017,1211300,1508882400,113007600,1307,0
972.559998,972.559998,2042100,1508968800,113094000,1308,0
1019.27002,1019.27002,5167700,1509055200,113180400,1309,0
1017.109985,1017.109985,2085100,1509318000,113443200,1313,0
1016.640015,1016.640015,1330700,1509404400,113529600,1314,0
1025.5,1025.5,1373400,1509490800,113616000,1315,0
1025.579956,1025.579956,1049000,1509577200,113702400,1316,0
1032.47998,1032.47998,1076400,1509663600,113788800,1317,0
1025.900024,1025.900024,1125200,1509922800,114048000,1320,0
1033.329956,1033.329956,1112300,1510009200,114134400,1321,0
1039.849976,1039.849976,1088700,1510095600,114220800,1322,0
1031.26001,1031.26001,1245200,1510182000,114307200,1323,0
1028.069946,1028.069946,720000,1510268400,114393600,1324,0
1025.75,1025.75,885800,1510527600,114652800,1327,0
1026,1026,959200,1510614000,114739200,1328,0
1020.909973,1020.909973,854000,1510700400,114825600,1329,0
1032.5,1032.5,1129700,1510786800,114912000,1330,0
1019.090027,1019.090027,1397100,1510873200,114998400,1331,0
1018.380005,1018.380005,953500,1511132400,115257600,1334,0
1034.48999,1034.48999,1097000,1511218800,115344000,1335,0
1035.959961,1035.959961,746300,1511305200,115430400,1336,0
1040.609985,1040.609985,537000,1511478000,115603200,1338,0
1054.209961,1054.209961,1307900,1511737200,115862400,1341,0
1047.410034,1047.410034,1424400,1511823600,115948800,1342,0
1021.659973,1021.659973,2459400,1511910000,116035200,1343,0
1021.409973,1021.409973,1724000,1511996400,116121600,1344,0
1010.169983,1010.169983,1909600,1512082800,116208000,1345,0
998.679993,998.679993,1906400,1512342000,116467200,1348,0
1005.150024,1005.150024,2067300,1512428400,116553600,1349,0
1018.380005,1018.380005,1272000,1512514800,116640000,1350,0
1030.930054,1030.930054,1458200,1512601200,116726400,1351,0
1037.050049,1037.050049,1290800,1512687600,116812800,1352,0
1041.099976,1041.099976,1192800,1512946800,117072000,1355,0
1040.47998,1040.47998,1279500,1513033200,117158400,1356,0
1040.609985,1040.609985,1282700,1513119600,117244800,1357,0
1049.150024,1049.150024,1558700,1513206000,117331200,1358,0
1064.189941,1064.189941,3275900,1513292400,117417600,1359,0
1077.140015,1077.140015,1554600,1513551600,117676800,1362,0
1070.680054,1070.680054,1338700,1513638000,117763200,1363,0
1064.949951,1064.949951,1268600,1513724400,117849600,1364,0
1063.630005,1063.630005,995700,1513810800,117936000,1365,0
1060.119995,1060.119995,755100,1513897200,118022400,1366,0
1056.73999,1056.73999,760600,1514242800,118368000,1370,0
1049.369995,1049.369995,1271900,1514329200,118454400,1371,0
1048.140015,1048.140015,837100,1514415600,118540800,1372,0
1046.400024,1046.400024,887500,1514502000,118627200,1373,0
1065,1065,1237600,1514847600,118972800,1377,0
1082.47998,1082.47998,1430200,1514934000,119059200,1378,0
1086.400024,1086.400024,1004600,1515020400,119145600,1379,0
1102.22998,1102.22998,1279100,1515106800,119232000,1380,0
1106.939941,1106.939941,1047600,1515366000,119491200,1383,0
1106.26001,1106.26001,902500,1515452400,119577600,1384,0
1102.609985,1102.609985,1042800,1515538800,119664000,1385,0
1105.52002,1105.52002,978300,1515625200,119750400,1386,0
1122.26001,1122.26001,1720500,1515711600,119836800,1387,0
1121.76001,1121.76001,1575300,1516057200,120182400,1391,0
1131.97998,1131.97998,1202600,1516143600,120268800,1392,0
1129.790039,1129.790039,1198200,1516230000,120355200,1393,0
1137.51001,1137.51001,1778200,1516316400,120441600,1394,0
1155.810059,1155.810059,1618000,1516575600,120700800,1397,0
1169.969971,1169.969971,1333100,1516662000,120787200,1398,0
1164.23999,1164.23999,1416600,1516748400,120873600,1399,0
1170.369995,1170.369995,1480500,1516834800,120960000,1400,0
1175.839966,1175.839966,2018800,1516921200,121046400,1401,0
1175.579956,1175.579956,1378900,1517180400,121305600,1404,0
1163.689941,1163.689941,1556300,1517266800,121392000,1405,0
1169.939941,1169.939941,1538700,1517353200,121478400,1406,0
1167.699951,1167.699951,2412100,1517439600,121564800,1407,0
1111.900024,1111.900024,4857900,1517526000,121651200,1408,0
1055.800049,1055.800049,3798300,1517785200,121910400,1411,0
1080.599976,1080.599976,3448000,1517871600,121996800,1412,0
1048.579956,1048.579956,2369200,1517958000,122083200,1413,0
1001.52002,1001.52002,2859100,1518044400,122169600,1414,0
1037.780029,1037.780029,3505900,1518130800,122256000,1415,0
1051.939941,1051.939941,2057700,1518390000,122515200,1418,0
1052.099976,1052.099976,1265100,1518476400,122601600,1419,0
1069.699951,1069.699951,1555800,1518562800,122688000,1420,0
1089.52002,1089.52002,1843400,1518649200,122774400,1421,0
1094.800049,1094.800049,1679500,1518735600,122860800,1422,0
1102.459961,1102.459961,1423100,1519081200,123206400,1426,0
1111.339966,1111.339966,1512900,1519167600,123292800,1427,0
1106.630005,1106.630005,1317200,1519254000,123379200,1428,0
1126.790039,1126.790039,1261000,1519340400,123465600,1429,0
1143.75,1143.75,1559100,1519599600,123724800,1432,0
1118.290039,1118.290039,1774100,1519686000,123811200,1433,0
1104.72998,1104.72998,1882600,1519772400,123897600,1434,0
1069.52002,1069.52002,2515900,1519858800,123984000,1435,0
1078.920044,1078.920044,2271600,1519945200,124070400,1436,0
1090.930054,1090.930054,1202200,1520204400,124329600,1439,0
1095.060059,1095.060059,1532800,1520290800,124416000,1440,0
1109.640015,1109.640015,1292500,1520377200,124502400,1441,0
1126,1126,1355100,1520463600,124588800,1442,0
1160.040039,1160.040039,2128000,1520550000,124675200,1443,0
1164.5,1164.5,2172300,1520809200,124934400,1446,0
1138.170044,1138.170044,1907200,1520895600,125020800,1447,0
1149.48999,1149.48999,1291400,1520982000,125107200,1448,0
1149.579956,1149.579956,1395400,1521068400,125193600,1449,0
1135.72998,1135.72998,3092000,1521154800,125280000,1450,0
1099.819946,1099.819946,2805900,1521414000,125539200,1453,0
1097.709961,1097.709961,1831900,1521500400,125625600,1454,0
1090.880005,1090.880005,1878900,1521586800,125712000,1455,0
1049.079956,1049.079956,2667000,1521673200,125798400,1456,0
1021.570007,1021.570007,2156700,1521759600,125884800,1457,0
1053.209961,1053.209961,2665100,1522015200,126140400,1459,0
1005.099976,1005.099976,3095300,1522101600,126226800,1460,0
1004.559998,1004.559998,3369300,1522188000,126313200,1461,0
1031.790039,1031.790039,2726800,1522274400,126399600,1462,0
1006.469971,1006.469971,2680400,1522620000,126745200,1466,0
1013.409973,1013.409973,2275100,1522706400,126831600,1467,0
1025.140015,1025.140015,2484700,1522792800,126918000,1468,0
1027.810059,1027.810059,1363000,1522879200,127004400,1469,0
1007.039978,1007.039978,1746400,1522965600,127090800,1470,0
1015.450012,1015.450012,1751600,1523224800,127350000,1473,0
1031.640015,1031.640015,1974500,1523311200,127436400,1474,0
1019.969971,1019.969971,1483900,1523397600,127522800,1475,0
1032.51001,1032.51001,1357000,1523484000,127609200,1476,0
1029.27002,1029.27002,1223000,1523570400,127695600,1477,0
1037.97998,1037.97998,1211200,1523829600,127954800,1480,0
1074.160034,1074.160034,2320300,1523916000,128041200,1481,0
1072.079956,1072.079956,1344100,1524002400,128127600,1482,0
1087.699951,1087.699951,1747700,1524088800,128214000,1483,0
1072.959961,1072.959961,1889700,1524175200,128300400,1484,0
1067.449951,1067.449951,2341300,1524434400,128559600,1487,0
1019.97998,1019.97998,4760300,1524520800,128646000,1488,0
1021.179993,1021.179993,2391100,1524607200,128732400,1489,0
1040.040039,1040.040039,2079500,1524693600,128818800,1490,0
1030.050049,1030.050049,1619800,1524780000,128905200,1491,0
1017.330017,1017.330017,1671300,1525039200,129164400,1494,0
1037.310059,1037.310059,1427900,1525125600,129250800,1495,0
1024.380005,1024.380005,1603100,1525212000,129337200,1496,0
1023.719971,1023.719971,1815100,1525298400,129423600,1497,0
1048.209961,1048.209961,1938700,1525384800,129510000,1498,0
1054.790039,1054.790039,1466100,1525644000,129769200,1501,0
1053.910034,1053.910034,1217700,1525730400,129855600,1502,0
1082.76001,1082.76001,2032800,1525816800,129942000,1503,0
1097.569946,1097.569946,1443000,1525903200,130028400,1504,0
1098.26001,1098.26001,1253700,1525989600,130114800,1505,0
1100.199951,1100.199951,1518100,1526248800,130374000,1508,0
1079.22998,1079.22998,1494900,1526335200,130460400,1509,0
1081.77002,1081.77002,1097300,1526421600,130546800,1510,0
1078.589966,1078.589966,1043800,1526508000,130633200,1511,0
1066.359985,1066.359985,1565200,1526594400,130719600,1512,0
1079.579956,1079.579956,1023200,1526853600,130978800,1515,0
1069.72998,1069.72998,1090000,1526940000,131065200,1516,0
1079.689941,1079.689941,1060700,1527026400,131151600,1517,0
1079.23999,1079.23999,766800,1527112800,131238000,1518,0
1075.660034,1075.660034,899400,1527199200,131324400,1519,0
1060.319946,1060.319946,1865100,1527544800,131670000,1523,0
1067.800049,1067.800049,1138500,1527631200,131756400,1524,0
1084.98999,1084.98999,3088300,1527717600,131842800,1525,0
1119.5,1119.5,2421600,1527804000,131929200,1526,0
1139.290039,1139.290039,1889600,1528063200,132188400,1529,0
1139.660034,1139.660034,1678000,1528149600,132274800,1530,0
1136.880005,1136.880005,1698200,1528236000,132361200,1531,0
1123.859985,1123.859985,1520000,1528322400,132447600,1532,0
1120.869995,1120.869995,1290800,1528408800,132534000,1533,0
1129.98999,1129.98999,1079300,1528668000,132793200,1536,0
1139.319946,1139.319946,912000,1528754400,132879600,1537,0
1134.790039,1134.790039,1506400,1528840800,132966000,1538,0
1152.119995,1152.119995,1343400,1528927200,133052400,1539,0
1152.26001,1152.26001,2122500,1529013600,133138800,1540,0
1173.459961,1173.459961,1413700,1529272800,133398000,1543,0
1168.060059,1168.060059,1621000,1529359200,133484400,1544,0
1169.839966,1169.839966,1648500,1529445600,133570800,1545,0
1157.660034,1157.660034,1238100,1529532000,133657200,1546,0
1155.47998,1155.47998,1311000,1529618400,133743600,1547,0
1124.810059,1124.810059,2157300,1529877600,134002800,1550,0
1118.459961,1118.459961,1563200,1529964000,134089200,1551,0
1103.97998,1103.97998,1293900,1530050400,134175600,1552,0
1114.219971,1114.219971,1072400,1530136800,134262000,1553,0
1115.650024,1115.650024,1315100,1530223200,134348400,1554,0
1127.459961,1127.459961,1217300,1530482400,134607600,1557,0
1102.890015,1102.890015,679000,1530568800,134694000,1558,0
1124.27002,1124.27002,1066700,1530741600,134866800,1560,1
1140.170044,1140.170044,996100,1530828000,134953200,1561,0
1154.050049,1154.050049,909000,1531087200,135212400,1564,0
1152.839966,1152.839966,798400,1531173600,135298800,1565,0
1153.900024,1153.900024,1120000,1531260000,135385200,1566,0
1183.47998,1183.47998,1251900,1531346400,135471600,1567,0
1188.819946,1188.819946,1221900,1531432800,135558000,1568,0
1183.859985,1183.859985,1055700,1531692000,135817200,1571,0
1198.800049,1198.800049,1610400,1531778400,135903600,1572,0
1195.880005,1195.880005,1393600,1531864800,135990000,1573,0
1186.959961,1186.959961,1276700,1531951200,136076400,1574,0
1184.910034,1184.910034,1247400,1532037600,136162800,1575,0
1205.5,1205.5,2619200,1532296800,136422000,1578,0
1248.079956,1248.079956,3318200,1532383200,136508400,1579,0
1263.699951,1263.699951,2127800,1532469600,136594800,1580,0
1268.329956,1268.329956,2405600,1532556000,136681200,1581,0
1238.5,1238.5,2130600,1532642400,136767600,1582,0
1219.73999,1219.73999,1849900,1532901600,137026800,1585,0
1217.26001,1217.26001,1644700,1532988000,137113200,1586,0
1220.01001,1220.01001,1567200,1533074400,137199600,1587,0
1226.150024,1226.150024,1531300,1533160800,137286000,1588,0
1223.709961,1223.709961,1089600,1533247200,137372400,1589,0
1224.77002,1224.77002,1081700,1533506400,137631600,1592,0
1242.219971,1242.219971,1494000,1533592800,137718000,1593,0
1245.609985,1245.609985,1370300,1533679200,137804400,1594,0
1249.099976,1249.099976,848600,1533765600,137890800,1595,0
1237.609985,1237.609985,1108700,1533852000,137977200,1596,0
1235.01001,1235.01001,997300,1534111200,138236400,1599,0
1242.099976,1242.099976,1348100,1534197600,138322800,1600,0
1214.380005,1214.380005,1828800,1534284000,138409200,1601,0
1206.48999,1206.48999,1343200,1534370400,138495600,1602,0
1200.959961,1200.959961,1389600,1534456800,138582000,1603,0
1207.77002,1207.77002,870800,1534716000,138841200,1606,0
1201.619995,1201.619995,1205600,1534802400,138927600,1607,0
1207.329956,1207.329956,887400,1534888800,139014000,1608,0
1205.380005,1205.380005,992600,1534975200,139100400,1609,0
1220.650024,1220.650024,946600,1535061600,139186800,1610,0
1241.819946,1241.819946,1156300,1535320800,139446000,1613,0
1231.150024,1231.150024,1304000,1535407200,139532400,1614,0
1249.300049,1249.300049,1298900,1535493600,139618800,1615,0
1239.119995,1239.119995,1331400,1535580000,139705200,1616,0
1218.189941,1218.189941,1816400,1535666400,139791600,1617,0
1197,1197,1831000,1536012000,140137200,1621,0
1186.47998,1186.47998,2061300,1536098400,140223600,1622,0
1171.439941,1171.439941,1888500,1536184800,140310000,1623,0
1164.829956,1164.829956,1401300,1536271200,140396400,1624,0
1164.640015,1164.640015,1115400,1536530400,140655600,1627,0
1177.359985,1177.359985,1209300,1536616800,140742000,1628,0
1162.819946,1162.819946,1295500,1536703200,140828400,1629,0
1175.329956,1175.329956,1431200,1536789600,140914800,1630,0
1172.530029,1172.530029,944000,1536876000,141001200,1631,0
1156.050049,1156.050049,1306500,1537135200,141260400,1634,0
1161.219971,1161.219971,1203600,1537221600,141346800,1635,0
1171.089966,1171.089966,1191400,1537308000,141433200,1636,0
1186.869995,1186.869995,1225400,1537394400,141519600,1637,0
1166.089966,1166.089966,4405600,1537480800,141606000,1638,0
1173.369995,1173.369995,1271000,1537740000,141865200,1641,0
1184.650024,1184.650024,977700,1537826400,141951600,1642,0
1180.48999,1180.48999,1462300,1537912800,142038000,1643,0
1194.640015,1194.640015,1260800,1537999200,142124400,1644,0
1193.469971,1193.469971,1380600,1538085600,142210800,1645,0
1195.310059,1195.310059,1357600,1538344800,142470000,1648,0
1200.109985,1200.109985,1687900,1538431200,142556400,1649,0
1202.949951,1202.949951,1256200,1538517600,142642800,1650,0
1168.189941,1168.189941,2209500,1538604000,142729200,1651,0
1157.349976,1157.349976,1184300,1538690400,142815600,1652,0
1148.969971,1148.969971,1932400,1538949600,143074800,1655,0
1138.819946,1138.819946,1308700,1539036000,143161200,1656,0
1081.219971,1081.219971,2675700,1539122400,143247600,1657,0
1079.319946,1079.319946,2949000,1539208800,143334000,1658,0
1110.079956,1110.079956,2101300,1539295200,143420400,1659,0
1092.25,1092.25,1372400,1539554400,143679600,1662,0
1121.280029,1121.280029,1928500,1539640800,143766000,1663,0
1115.689941,1115.689941,1467200,1539727200,143852400,1664,0
1087.969971,1087.969971,2094500,1539813600,143938800,1665,0
1096.459961,1096.459961,1267600,1539900000,144025200,1666,0
1101.160034,1101.160034,1514200,1540159200,144284400,1669,0
1103.689941,1103.689941,1848700,1540245600,144370800,1670,0
1050.709961,1050.709961,1982400,1540332000,144457200,1671,0
1095.569946,1095.569946,2545800,1540418400,144543600,1672,0
1071.469971,1071.469971,4187600,1540504800,144630000,1673,0
1020.080017,1020.080017,3880700,1540767600,144892800,1677,0
1036.209961,1036.209961,3212700,1540854000,144979200,1678,0
1076.77002,1076.77002,2529800,1540940400,145065600,1679,0
1070,1070,1482000,1541026800,145152000,1680,0
1057.790039,1057.790039,1839000,1541113200,145238400,1681,0
1040.089966,1040.089966,2441400,1541372400,145497600,1684,0
1055.810059,1055.810059,1233300,1541458800,145584000,1685,0
1093.390015,1093.390015,2058400,1541545200,145670400,1686,0
1082.400024,1082.400024,1488200,1541631600,145756800,1687,0
1066.150024,1066.150024,1343200,1541718000,145843200,1688,0
1038.630005,1038.630005,1471800,1541977200,146102400,1691,0
1036.050049,1036.050049,1513700,1542063600,146188800,1692,0
1043.660034,1043.660034,1565900,1542150000,146275200,1693,0
1064.709961,1064.709961,1836100,1542236400,146361600,1694,0
1061.48999,1061.48999,1658100,1542322800,146448000,1695,0
1020,1020,1858600,1542582000,146707200,1698,0
1025.76001,1025.76001,2449100,1542668400,146793600,1699,0
1037.609985,1037.609985,1534300,1542754800,146880000,1700,0
1023.880005,1023.880005,691500,1542927600,147052800,1702,0
1048.619995,1048.619995,1942800,1543186800,147312000,1705,0
1044.410034,1044.410034,1803200,1543273200,147398400,1706,0
1086.22998,1086.22998,2475400,1543359600,147484800,1707,0
1088.300049,1088.300049,1468900,1543446000,147571200,1708,0
1094.430054,1094.430054,2580200,1543532400,147657600,1709,0
1106.430054,1106.430054,1991200,1543791600,147916800,1712,0
1050.819946,1050.819946,2345200,1543878000,148003200,1713,0
1068.72998,1068.72998,2769200,1544050800,148176000,1715,0
